<?xml version="1.0" encoding="UTF-8"?>
<beans xmlns="http://www.springframework.org/schema/beans"
	xmlns:xsi="http://www.w3.org/2001/XMLSchema-instance"
	xmlns:p="http://www.springframework.org/schema/p"
	xmlns:context="http://www.springframework.org/schema/context"
	xmlns:aop="http://www.springframework.org/schema/aop"
	xmlns:tx="http://www.springframework.org/schema/tx"
	xmlns:mvc="http://www.springframework.org/schema/mvc"
	xsi:schemaLocation="
	http://www.springframework.org/schema/beans 
	http://www.springframework.org/schema/beans/spring-beans-4.1.xsd
	http://www.springframework.org/schema/context 
	http://www.springframework.org/schema/context/spring-context-4.1.xsd
	http://www.springframework.org/schema/aop 
	http://www.springframework.org/schema/aop/spring-aop-4.1.xsd
	http://www.springframework.org/schema/tx 
	http://www.springframework.org/schema/tx/spring-tx-4.1.xsd
	http://www.springframework.org/schema/mvc 
	http://www.springframework.org/schema/mvc/spring-mvc-4.1.xsd">


	<context:component-scan
		base-package="com.wr.bookstore.*"></context:component-scan>
		
	<!-- 开启MVC注解:有了这个才能让@requestMapping,@responseBody,@requestParam -->
	<mvc:annotation-driven />


	<!-- 设置spring:页面转发的路径前缀prefix，后缀suffix -->
	<bean
		class="org.springframework.web.servlet.view.InternalResourceViewResolver">
		<property name="prefix" value="/" /><!-- 在根目录找 -->
		<property name="suffix" value=".jsp" /><!-- 文件后缀为jsp -->
	</bean>
	
	<!-- 设置上传文件参数 ,最大100M-->

    <bean id="multipartResolver"  
        class="org.springframework.web.multipart.commons.CommonsMultipartResolver">  
        <!-- set the max upload size100MB -->  
        <property name="maxUploadSize">  
            <value>104857600</value>  
        </property>  
        <property name="maxInMemorySize">  
            <value>4096</value>  
        </property>  
    </bean> 


	 <!-- 配置登陆拦截器 -->
	 <!-- 
	 
	  <mvc:interceptors>
	 	<mvc:interceptor>
	 		<mvc:mapping path="/*"/>
	 		<mvc:exclude-mapping path="/js/**"/>
	 		<mvc:exclude-mapping path="/css/**"/>
	 		<bean class="com.wr.bookstore.interceptor.LoginInterceptor" />
	 	</mvc:interceptor>
	 </mvc:interceptors> 
	 
	  -->
	 
	  
	 
	  
	



</beans>